Tag,Nickname,Country,pfp,Illust,original_credit,Original_Message,Translation
JexTexSSB#7742,Jex,United-States,1fnZ_q4X5-g_CaKjqNr3NJigImJgjTsFm.png,,,La Lion~ La Lion~ Botan-chan! You are wonderful and amazing! You are very cute and your streams are so much fun. Please continue to make great streams and make everyone happy. Poi~,ららーいおん〜、ららーいおん〜。ぼたんちゃんはワンダフルでアメージングです！ぼたんちゃんはかわいくて配信はすごく楽しいです。これからも素敵な配信でみんなをハッピーにし続けていってください。ポイ〜
JackezzPanzer#9087/@JackezzP,JackezzPanzer,Philippines,1kby44DTRuNoPyVlLopG9y6BhY7eQ2SkV.png,,,"Hello Botan, Thank you for being able to make 2020 Amazing along with everyone else from Hololive. Never really got to experience a fun year without seeing the fun things you and others had done for the past months. Keep up the Best Work and Stay Healthy! From the PH Grassfields.",ハロー、ぼたんちゃん。ホロライブのみんなと一緒に、2020年を素晴らしい年にしてくれてありがとうございます。みんなが見せてくれた楽しい出来事がなければ、こんなに楽しい年になることもなかったでしょう。これからもがんばって、そして健康でいてください！ PH Grassfields より
Lordgeorge16#4656,George,United-States,1hhBPkkGivsjQSpmFAEEWojwOR4ARjJrh.png,,,Congratulations on your first anniversary with Hololive! You are my all-time favorite and your streams always cheer me up! I love you Shishiron and I'm proud to be a member of the SSRB!,ホロライブのメンバーとしての1周年記念、おめでとうございます！ししろんは一番の推しメンです。いつも元気をもらっています！愛してるよ、ししろん。SSRBの一員でいられることに誇りを持っています！
@1MiiSan,mii,United-States,1zRvZf4Lq-0UP_LHirEcLnkGiCkV4tssY.png,,,"Happy Anniversary Botan! I really enjoy how you always have fun no matter what you are streaming. Whether it’s games or a little more singing, i’m looking forward to spending another year with you!",ぼたんちゃん、1周年おめでとう！どんな配信でもいつも面白そうに配信してくれているのを見るのがとても楽しいです。ゲームでも歌枠（もうちょっとやってくれたら嬉しい）でも、またもう1年一緒に過ごしていけるのを楽しみにしています！
@kaerukyuubi,カエル,Indonesia,1cEnOGofaJFvgp751Kwn2cuS4W-RkVopo.jpg,,,"Hello, Bossan! Your existence has changed me for this whole year! Your debut was the one who got me into Hololive, and i'm sure i'm forever thankful for that🥰Let's enjoy another year together, love you so much! (I hope by then you already reach 1 M subs!)",ハロー、ぼっさん！あなたの存在でこの1年は全く違うものになりました！ぼっさんのデビュー配信がホロライブにハマるきっかけだったので、ぼっさんには一生感謝し続けます🥰 次の1年もまた楽しんでいきましょう！愛してるよ！（その時までには登録者100万人突破してるといいですね！）
[SSRB] Zaphkiel#6492 / @otakutwitchrus,ZAPHKIEL,Russia,1D-CZ__qGbHTlotm3ytebh1eCGer9pddw.png,,,"Привет Ботан. Я смотрю тебя с декабря 2020 года. Меня привлекли клипы с тобой. И за такое долгое время я понял, что людям, и мне так же, нравится в тебе. У тебя красивый смех. Ты всегда спокойная, не кричишь. Ты любишь игры, разбираешься в компьютерах. Твои стримы всегда интересны. Спасибо за все!",ハーイ、ぼたんちゃん。2020年の12月から見てます。切り抜き動画を見てからぼたんちゃんに興味を持つようになりました。その時からこれまでずっと見てきて、自分自身も含めたみんなが、ぼたんちゃんのどこに惹かれたのかがわかった気がします。あなたの笑い声は美しく、いつも冷静で声を荒らげることもありません。ゲームが大好きでPCのことにも詳しいです。ぼたんちゃんの配信はいつも面白いです。いつもありがとう！
bearscountry1#2094,Josh,United-States,Bodan.png,,,"Wow, can't believe it has already been a year... Time flies by when enjoying something fun. Can't wait to see you play more games and become an even more goddess at FPS!!!! CONGRATULATIONS ON 1 YEAR!!!!! POI",ワオ、もう1年経ってしまったなんて、信じられない。。。楽しいことをしているとあっという間に時間が過ぎてしまいますね。これからもたくさんのゲームをプレイして、FPSで(女)神プレイを見せてもらえるのを楽しみにしています!!!! 1周年おめでとうございます!!!!! ポイっ
M.#9601,M.,Italy,Bodan.png,,,Happy Anniversary Shishiron! I love your smile and how good you are with any games you tackle! I always look forward to your streams! Happy to be an SSRB!,1周年おめでとうございます！ぼたんちゃんの笑顔、そしてどんなゲームに挑戦するときにも上手なプレイを見せてくれるところが大好きです！いつも配信楽しみにしています！SSRBでいられてよかった！
Munmai#4086 / @munmai_,Munmai,Thailand,1zh7xOyAIgMeKfQ3eJ2Tfn-7rs_nBQmK2.png,[HLL] Project_Fanclub - munmai_.png,,I wish Shishiro Botan be happy and healthy. I will always support you.,獅白ぼたんさんが元気で幸せでありますように。いつも応援してますよ。
3秒で墜ちる偵察機♌(@SR_71D),3秒で墜ちる偵察機,Japan,1a2NJCV514t13ItKGPApbgiBUl8kECwt8.png,,,1st Anniversary おめでとうございます！次の1年もしっかり付いてくので楽しく頑張ってもろて！,
洸琉(ﾋｶﾙ)(@CaValIere25J),暁春夜,Japan,1Q3ZZZ6dr1BJkXKSQUgo2NS4K4Z_229ZH.png,,,1周年おめでとうございます！2月のbloom開催前にチャットで点呼されてから半年も経ちました。みんなよりファン歴は短いですが、ししろんの愛はみんなより強いと自覚しています！たまにはししろんに｢愛してる｣と言わせてください、愛してます！これからも身体に気をつけて配信を続けてくださいね,
AKANA（AKANA#4525）/AKANA🐾♌🌿【SSRB】（AKANA_botan）,AKANA,Japan,1ZsoxXzj_eSaMuK5-U9L4r-iq37bYu5-C.jpg,,,大好きなししろんへ いつも楽しい配信をありがとう 自分一人ができる応援、支援は微々たるものかもしれないけどこれまでもこれからもずっと大好きです。 これまでの一年色んなことがあって、悲しかったり、嬉しかったり、楽しかったり、リスナーもししろんも激動の一年だったと思います。 まだ高校生でグッズとかライブとか行けなかったりするけども これからも楽しい配信と少しの休憩を挟んで頑張ってください！ ps.ししろんのししろーらんどの件からずっと鍛えてとてつもないGに耐えれるように訓練してます。,
@_K_le,Forever9Nine,Singapore,1icp-sGttIy.png,5th gen - 1st Anniversary (Shishi) - Forever9Nine.png,,"Congratulation on 1st Anniversary, Shishiron!",ししろん、一周年おめでとうございます！
MistExile#0311,Mist,Philippines,1VP1lhSAhLkpkauhAkNXNblcaCRJyJNmk.png,,,"Botan-chan You might have been the one that dragged me into the hole because you were the first one I watched and I really liked your cool attitude and of course the Poi's I've heard were cute. I love when you have collabs but especially when it's with Lamy, it's very teetee. Thank you!",ぼたんちゃん、ホロライブ沼にハマるきっかけを作ってくれたのは、あなただったかもしれないです。なぜなら、初めて見た配信がぼたんちゃんの配信だったからです。クールな態度が大好きですし、もちろん「ポイ！」もかわいいかったです。コラボはどれも好きですが、特にラミィちゃんとのコラボが一番好きです。ホントてぇてぇです。ありがとう！
Wei Lee#9119,HoloFan Lee,,Bodan.png,,,Happy Anniversary Botan!!! I'm glad to have started watching you from your debut. I'll keep watching and supporting you and I've grown to appreciate your content more over time. I've especially fallen in love with your singing and I look forward to seeing you release an original song!!,ぼたんちゃん、1周年おめでとうございます!!! デビュー配信の時から見続けてきてよかったです。これからもずっと見続けますし、応援し続けます。時間が経てば経つほど、ぼたんちゃんのコンテンツのありがたみを強く感じるようになっています。その中でも特にぼたんちゃんの歌に惚れました。オリジナルソングのリリースを心待ちにしています!!
RezzaXD#6005,Rezza,Malaysia,Bodan.png,,,"Dear Botan, i adore you with all of my heart and you've been cheering me up since the first time you debut. I don't know how to thank you, if it weren't for you being here and making people smile. I wouldn't be the person I am today. And therefore, Thank you Shishiro Botan.",Dear ぼたんさん。ぼたんさんのことを心から敬愛しています。デビューの時からずっと励ましてもらってきました。感謝の気持ちをどう言葉にすればいいのかわかりませんが、もしぼたんさんがいなかったら、みんなの笑顔がなかったら、今の自分はいないかもしれません。なので、一言お礼を言わせてください。ありがとう、獅白ぼたんさん。
Majiene#2037 / @Rivicen2,Rivicen,United-States,Bodan.png,,,"Botan is the one I found that brought me to Hololive with her Trials streams. I laughed so hard my stomach hurt. It's amazing how capable and skilled you are, but still so relaxed and friendly. Your laugh and your sneezes are a blessing. I will support Botan forever!",ぼたんちゃんのトライアルズの配信からホロライブに出会いました。お腹が痛くなるほど笑いました。ぼたんちゃんはすごい腕前の持ち主で何でも簡単にこなせて、さらに落ち着きとフレンドリーさも兼ね備えていて素晴らしいですね。ぼたんちゃんの笑い声とくしゃみには助かってます。ぼたんちゃんをいつまでも応援していきます。
Jazzinghen#5478 / @Jazzinghen,[SSRB] Jazzinghen,Italy,19z5bvEuBWu6t55UY5j3SPGgHU-7F_W3J.png,,,"Thank you for being the leader of the funniest gen in Hololive, Bossan. May your shopping carts be fast and steady.",ぼっさん、ホロライブの中で一番ひょうきんな世代のリーダーでいてくれてありがとう。ショッピングカートが安定して速く走れますように祈っています。
sefsak#9217,Sefs,Russia,1sspdJHXPIRwHsh-EGPfKQviQi1U8qplZ.png,,,"Спасибо за хорошее настроение которое даришь нам на своих стримах. Желаю всего лучшего вашему поколению, вы как семья для нас, такие-же родные. Мы будем и дальше радовать вас поддержкой. Спасибо что вы есть",配信を通してみんなを陽気なムードにしてくれてありがとうございます。5期生の皆さんが幸せでありますように。私たちにとって皆さんは、ほとんど家族のように感じられる存在です。これからもずっと応援し、支え続けていきます。ぼたんちゃんがみんなのためにここにいてくれていることに感謝です。
@_Daemon___,Daemon - デイーモン,,1z7CLXzt88EXjT7HLIWYhwQq-ExfrsV6R.png,,,ししろん大好き！I watch your streams everyday and they make me really happy. I'm learning japanese and your streams really help. I'll always watch and be with you till the end. : ),ししろん大好き！配信を毎日見てますが、すごく幸せになれます。日本語を勉強しているので、とても参考になります。これからもずっと見ていますし、最後までそばにいます　：）
Shiro.Neko#3230,白猫,,1kaIXK9FtRSM7DP8YmzbJTGdxCHxKIwQv.png,,,1周年おめでとうございます。いつもとても楽しいですよ！ありがとうございました。,
Discord name(TOTOnpc#3640)/Twitter name(@TOTOnpc),TOTOnpc,Taiwan,1fAM7tyxfBMMSkBW9VW7z9J5DdCAD2geR.png,,,いよいよ1年前に迫ったね！ この長くも短くもない一年間に色々なことがありました、悲しいことも嬉しいこともあるけれど、それはししろんと皆の大切な思い出です！ 僕はししろん推しても後悔しない！ししろん一周年おめでとう、来年もよろしく！ずっと応援します！大好き！,
Somple#8678,Somple,Chile,1MGPeJ_y5qwYBuAC47njQ2eqwzgDHi8em.jpg,,,"Congratulations on your first year! Before the debut as 5th Gen I had never considered watching Vtubers until I saw your design and thought it looked really nice, since then I haven't stopped watching you! Thank you so much for everything and many more years to come!",1周年おめでとうございます！5期生のデビュー前までは、自分がVTuberを見るなんて思ってもみませんでしたが、ぼたんちゃんのデザインを一目見た時に、なんて素晴らしいんだと思い、それ以来ずっとぼたんちゃんの配信を見てます！たくさんの感謝をあなたに伝えたいです。この先もずっと成功が続きますように。
Rachel Banana#6711,Rachel,Singapore,Bodan.png,,,Congratulations for NePoLaBo 1st Anniversary! Thank you for bringing us fun and laughter. We will continue to support you for the rest of your vtuber career.,ねぽらぼ1周年おめでとうございます！楽しい時間や笑いをありがとう。ぼたんちゃんがVTuberであり続ける限り、ずっと応援し続けます。
@miyabi_neko_mk3,みやびねこ,Japan,1YMJlsuDgP9E2jvFrFXWcR5SvshyO2jhA.jpg,,,ししろん活動1周年おめでとうございます！自分の考えをちゃんと言ってくれる姿勢が自身はどうかと振り返るきっかけにもなっていつもありがたく感じてます。普段の何でもエンタメにしようとする精神もとっても面白く楽しくてとってもいいなと思ってます！勝手ながらいつも目標にさせてもらってます！これからもよろしくおねがいします！,
Discord (@Mazda_la_Mazda)/ Twitter (@mazda_la_mazda),Mazda_la_Mazda,United-States,Bodan.png,,,Thank you for everything you've done and all your hard work Botan! You're always there to help me get through long work days!,ぼたんちゃん、あなたがやってくれたすべてのこと、そしてその頑張りに感謝です！ぼたんちゃんがいてくれるから長時間の仕事にも耐えられます。
へたれゲーマー@hetaregamer13,へたれゲーマー,Japan,1Mzjvm79QgTAnh0mp8JSA4aKDJohFlRua.png,,,デビュー一周年おめでとう！いつもホロライブを盛り上げようとしてくれて、リスナーを楽しませようとしてくれてありがとう！これからもずっと応援していきます！だから自分の信じた道をこれからも突き進んでください。大好きやで～ヽ(=´▽`=)ﾉ,
Twitter：@ruriruri1120,るりらセカンドG,Japan,1M_WU8VbdUZ7AC0-8o7TOscwOyPENF5x8.png,,,ららーいおん♪1周年おめでとう！早いものでもう1年経ちました☺️ししろんは最初、今観てくれてる人達は先輩たちのおかげ、って言ってましたね。確かにあの頃は先輩たちが築いた土台に立っている状態でしたが、今観ているSSRB含めリスナー達はししろんを好きで観ています。そして、きっかけを作ってくれた先輩たちに感謝し、尚且つ、ここまで大きくなれたのはししろん達の努力もあるので自分を褒めてあげていきましょう！僕も褒めます！ししろん大好き！1周年本当におめでとうございます🎉,
小森エンジェラ( @gjmajk586 ),小森,Japan,1tZ1CW4Uu9tKArjfCHVt9stltZKjcz0Cr.jpg,,,ししろん1周年本当におめでとう〜正直最初はVtuberはついでの感覚で見ていたけれどししろんを見ていくうちにホロライブってこんなに楽しいんだと思えて今ではホロライブにハマりきってる！本当にホロライブにハマるきっかけを作ってくれてありがとう〜これからも体に気をつけながら楽しい配信をおねしゃす!これからも推してくぜ！,
@Mt62964725,Mt.,Japan,1nXhiaPWWtStOtbgnck86ZhGYhTF7Duqz.png,,,ししろん1周年おめでとう！！この1年ほんと色々なことがあったけど、これからも変わらない応援をしていくで！！,
ぴかそん/なんだかんだ忙しい#0707,扁桃炎@ぴ,Japan,1Q39JrL8kYBsVD2krwDxkCTovMH0m-wH_.png,,,ししろんと出会えてよかった。SSRBと出会えてよかった。ししろんが笑ってるだけで幸せだよ。いつも幸せをありがとう。そして一周年を祝える事に感謝してます。ししろん大好きちゅちゅちゅ　ps.SSRBくんpoiぐるみやししろん着ぐるみとか販売して欲s psのps.ファンは貴女の味方だよ,
フェーレ三転#7104/フェーレ三転【変更不可】@SSRB♌(@ssrn_ner_mrn),フェーレ三転,Japan,18J_iCKHTzzXoc12sHhnT-ZVBfXoJtEEL.png,,,ししろんデビュー1周年おめでとう！初配信の時からししろんの声や性格に惹かれ、ここまで来ました。これからもずっと応援させてください！！着火済みSSRBとしてこれからも着いていきます！,
龍谷大学おしゃかぽん　新納（PC）#9547,龍大ニキ,Japan,1Bz_IUqZX6RL6-yIUcyVxyaD7XdAPrQ4r.png,,,姉さん、ありがとう！！あなたに出会えてよかった！！最高最強姉貴なり👍！！,
Lkes#2239 / @SLkes_,Lkes,Colombia,1W4DEvWijeQUR7R15bAq7U1jSlHEImrTB.jpg,C007 F A4 - Lkes 【SSRB】.png,Twitter: @GMGhostArt / Devian Art: gmghost,"Con mucho cariño para ti Botan, siento mucho respeto por tus habilidades e inteligencia las cuales resaltas cada día en stream, te seguiré apoyando hasta el final, para mi eres la numero uno sin ninguna duda, muchas gracias por todo tu esfuerzo y dedicación en hololive.",ぼたんちゃんへたくさんの愛を贈ります。配信で見せるぼたんちゃんの才能と賢さに、大いに敬意を表します。最後まで応援しますよ、ぼたんちゃんは間違いなく私のナンバーワンなんですから。ホロライブでのぼたんちゃんの頑張りと献身に感謝です。
@mokemoke_88,もっけ,Japan,1cHII-mVB09Ygbvt7drjBlb1PIh7nasxv.png,,,一周年おめでとう！ししろんにとってこの一年間はどのようなものになったかな？私はししろんのおかげで毎日充実した一年間を送れたよ！ゲーム配信も歌枠も雑談も、全ての配信が楽しくてあっという間だった！いつも楽しい配信をありがとう。 雑談の時にししろんの物事に対する考え方を聞いたり、マシュマロ雑談の時相談に真摯に答えてくれたそんな姿が本当に尊敬できるし好きだなって。今じゃ立派な着火済みですよ。 私にはこうやって文章などでしか形にできないけど、それでも推したい気持ちが変わることは絶対にないから。ずっとずっと応援してるよ。 改めて一周年おめでとう！これからもどうぞよろしくね！大好きだぞー！！！,
Yuxie#0041,Yuxie,Malaysia,16kQruqI2XTPP4h4I-WbqwfTZTdXNyoDr.jpg,,,Thank you Shishiron for all the laughter and happiness you've brought to us SSRB! Wishing you a lot of joy and happiness for the future!,ししろん、笑い声と喜びをSSRBのみんなに届けてくれてありがとうございます！これからもさらなる喜びと幸せがあなたに訪れますように。
"Kitsu 木狐#0001, @k1gitsune",木狐,Japan,1SiU1vBtVl98ocNJaliIw32fQrebfGurt.jpg,,,もう一年になったね！おめでとう！これからもよろしく～　SSRB民のみんながついてるぞ！前に進もう！,
SSRBSukoya#3856 / @moarjtri,moarjtri,,1p9xCzfcN2RPm-0lyXYsy56YN3R3N4bDP.png,botan 18 - jjtri tee.png,,"Fierce Queen Botan! Congrats on your 1 year anniversary! Hope for many many more and I'll be there, cheering for you! It makes me smile hearing you have so much fun during streams and your singing is wonderful! You have such a beautiful soul ♥ I wish you all the best! Poi ~",獰猛な女王ぼたん様！1周年おめでとうございます！来年も再来年も、もっとお祝いを続けていきたいですね。その時もそばにいて応援しますよ！配信でぼたんちゃんが楽しんでいるのを見ると自分も笑顔になれます。歌声も素晴らしいです！ぼたんちゃんは本当に心がきれいな人です ♥ 成功を願っています！ボイ〜
みんと（みんと#1943）/ みんと（@310__chocolate）,みんと,Japan,1ExghtrsxxftNMncNGTuh6PAEPGO-4o1R.png,,,デビュー1周年おめでとう！ししろんの影響を受けて、生まれてはじめてFPSを始めました。まだまだ下手ですが、日々楽しく遊んでいます。SSRB民としてリスポーンを繰り返しながら推していきたいと思います。,
@SanzeGorouART,三世吾郎,Taiwan,1U0ShfsJ.jpg,五期生一周年繪圖-SHISHIRO - 三世吾郎.png,,恭喜出道一周年!!,
Say Oh You#4990,SayoHyou,Mexico,1KGYjmWU71R5uTNI2gSmWazL2g9zcx9Qd.png,botan aniversario - Abigail Casanova.jpg,,Congratulations in this first year! it has been a funt time since I crossed paths with you in youtube! lets go for more fun in the future!,最初の1年の節目、おめでとうございます！Youtubeであなたと偶然出会ってからとても楽しい時間を過ごしてきました。これからも楽しいことを一緒にたくさんやっていきましょう！
ねこた#5712/@Nekoo_berg,ねこた,Japan,15CKmRsF1WWoixjBowfNaOZnvQcB-7PWR.jpg,,,ししろんデビュー1周年おめでとう🎉 的確に敵を撃ち抜く姿、サクサクゲームをクリアしていったり、いろいろな事に楽しそうに笑うししろんが大好きです！ これからも楽しい時間を過ごせたらなと思いますすす 改めてデビューから1年、おめでとう〜！！2年目もよろしくね！,
コウ.exe#0678,コウ.exe,Japan,1sJhDRqFd_FmIIEH0Tsjd_nZxm1Uqj8g1.png,,,ししろん1周年おめでとう〜！ししろんと出会ってからもう1年経つんだね短かったような長かったようなって感じだね〜今までもこれからもずっと大好きだし応援してるよ！いつもありがとう〜これからもよろしくね！,
Polska#7244,Гражданин Польши,Russia,1wvVwqVRzwzyuJuBYPIcwV4ufc0HA8UC6.png,,,"Я хочу сказать спасибо. Спасибо, что появились в моей жизни и принесли в нее радость. Ваш искренний смех, спокойствие и невозмутимость покорили меня. И я хочу пожелать оставаться всегда счастливой, и покорять новые горизонты!",感謝の言葉を贈ります。私の人生に現れてくれて、そして幸せをもたらしてくれてありがとうございます。あなたの偽りのない正直な笑い声、落ち着き、冷静沈着さ、そんなところに私は惹かれました。いつも幸せでありますように、そしてさらなる高みへ羽ばたいていけるよう祈っています！
Medusa_dai#7905/絶対魔王様Medusa_dai@1K1AD,絶対魔王様Medusa_dai,Japan,1u0I5nWGWJyJpBTa0fP-98D7PPX9dFlG8.png,,,「１周年おめでとう」今日からこの場所からまた始まるあなたと幸せ見つけるために道しるべを足跡を新しく作りながら,
ポキ男#1839,ポキ男,Japan,14RorxhSF_6oAAD8aBaXr3O9e7aehiPtB.jpg,,,これからもししろんを応援してるで！！,
さるーぱっぱ#5575,さるーぱ【変更不可】【着火済みSSRB】♌,Japan,1Ri2L5PU8Orc6bI4P9YA7bHxcZTbmCMb7.png,,,"ようやく１年、もう１年。時間が経つのは早いですね。ししろんに出会ってから日常が一変しました。私がまさかロシアニキ達と交流する事になったのも全てししろんのおかげです。１周年お(･∀･)め(･∀･)で(･∀･)と(･∀･)う！これからも「命」続く限り応援していきますね！(,,ﾟДﾟ) ｶﾞﾝｶﾞﾚ!",
@DivePart,Eternal DIVE PART II,,Bodan.png,,,"Congratulations on your 1st debut anniversary, Shishiron!!! I am glad to have joined this SSRB family. Thank you for bringing so much fun SSRB are so proud of you!! Let’s achieve more in the future!!! Love what you do, do what you love. We will always support you!!! (｀･ω･´)ゞ ホワイトライオン、最高です！！",1周年記念おめでとうございます、ししろん!!! SSRBファミリーの一員になれて本当によかったです。たくさんの楽しみをもたらしてくれてありがとうございます。SSRBのみんなはあなたのことを誇りに思っています!! これからも一緒にいろんなことを成し遂げていきましょう!!! 「好きなことをやろう、そしてやっていることを好きになろう」。私たちはいつでもあなたを応援しています!!! (｀･ω･´)ゞ ホワイトライオン、最高です！！
今日から金使うこーへー#6963,今日から金使うこーへー,Japan,1kDmFdayzrjKV9HZM99k4zFKSxGA9vHKY.png,,,１周年おめでとうございます！！この１年大変なことも沢山あったと思います、それでもいつも楽しい配信をしてくれてありがとうございます！SSRBとして協力できるところは協力しますので、これからもよろしくお願いします！！,
@kest446,Kest446,Taiwan,1Itm7Yrl3Y_KeVdhxgXklkcPjZQI4GJta.png,,,ししろん一周年デビューおめでとう!いつも楽しい配信ありがとう!これから何年もよろしく~,
ひろゆき(ひろゆき#6471)/ねがみゃー(@mgmg_tukune),ネガティブフェイスかみゃー,Japan,1GDr2ftl6yjbKHt_PyZsVi8aLF0aatCK1.png,D022526C-BB0E-4E6C-8395-1F3F849527D9 - ネガティブフェイスかみゃー.png,ネガティブフェイスかみゃー/ねがみゃー(@mgmg_tukune),ぼたんちゃん1周年おめでとう！これからも沢山素敵な景色見ていきましょう！,
@pon_hering,ぽんへり,Japan,1FJ_pt_50xA6dNq141iK6anFFLuBbNain.png,,,ししろんデビュー1周年おめでとうございます！いつも楽しそうに笑いながら配信してる姿とゲームの腕前に魅せられてから、日々たくさんの魅力溢れる一面を追っていくうちに気づけばあっという間に1年が経っていました。面倒見が良く仲間思いなところ、かっこよく頼りがいのあるところ、かと思えば時折儚げで放っておけないところ、ふとした瞬間にみせるお茶目で可愛いところ。どんなししろんも本当に大好きです。これからもししろんのやりたいこと、夢に向かって時にはぐうたらいおんしながら自分の信じる道を突き進んでいってください。SSRBの一員としてこれからも活動応援してます！,
ayAto.pptx#5124,ayAto.pptx,Japan,1KOaj3UV6bQDsQZ-t8OpFyn1B-B_T14N.jpg,,,㊗️獅白ぼたん一周年❗️SSRBに加入してまだ日は浅いですが、ししろんを始めねぽらぼの皆さんから沢山の元気を頂いています。一リスナーとして出来る事はとても少ないと思いますが、微力ではありますがこれからも推し事させて頂きます。ねぽらぼと我らSSRBに栄光あれ❗️,
Stig4K#8038 / @STIG_4000,Candy Bonz,Norway,1XpHX9L_mYcxLvdfnj-xHuMQFiQhSz_PJ.png,,,Your debut blew my mind and it opened my eyes to pc gaming. I have always been a console gamer but you inspired me to save money for a gamer pc. I finally made the leap and got myself a pre-built gaming pc. I look forward to join you on the battlefield in the future.,ぼたんちゃんのデビューはとても衝撃的で、PCゲーミングの面白さというものを私に気づかせてくれました。私はずっとコンソールゲーマーでしたが、ぼたんちゃんの影響を受け、ゲーミングPCを買うためにお金を節約するようになりました。そしてついに大きな一歩を踏み出し、ようやくゲーミングPCをゲットすることができました。いつかぼたんちゃんと戦場を共にできることを楽しみにしています。
@vxchee,Cheezy,United-States,Bodan.png,,,"Since joining the SSRB I've been promoted at work, received a raise, and won the lottery (small prize)!! Thank you for the wonderful year and congratulations on your anniversary! I will follow Botan Boss forever!",SSRBのメンバーになってからというもの、職場では昇進し、給料は上がり、宝くじにも当たりました（ちょっとだけですが）！！素敵な1年をありがとうございます。そして1周年おめでとうございます！これからもぼたん親分にずっとついていきます！
Aldway#1713,Aldway,,1yWws8C230vCWk0RKkME65DBD4wnx1mhY.jpg,,,"Congratulations on your first anniversary, to be honest I had never seen Vtubers before I met you, but since I saw you for the first time you have made my days happier. I hope this is only the first anniversary of many more and that we can continue to have fun for a long time to come.",1周年おめでとうございます。正直に言いますと、ぼたんちゃんに出会うまではVTuberというものを一度も見たことがありませんでした。ですが、ぼたんちゃんに出会ってから、私の日々はより幸せなものになりました。今回の記念日は、これから訪れるであろうたくさんの記念日のうちの最初のひとつであって欲しいと思いますし、これからも一緒に末長く楽しく過ごせるよう願っています。
Jandope # 5695,,Philippines,Bodan.png,,,いつも楽しい配信をありがとうございます。ししろんの悪ふざけ、笑い、そして今まで聞いたこともないようなかわいいくしゃみは、いつ聞いても飽きません。,
Discord Name (ShioManju [SSRB]#8663) / Twitter Name (@Shio_Manjuu),ShioManju,Vietnam,1iK02QsUrTzFnQmRTmaLa9iE0fdGIWfP7.png,,,"Hello Shishiron! I really wanted to say that you've been a blessing on my life when I really needed it. You've kept me out of depression in these trying times of my life. Thank you very much. And thank you for giving me this username, I'm sure it'll stay with me for the rest of my life.",ハロー、ししろん！ どうしても伝えておきたいことがあります。ししろんは私の人生において最も必要としていた時期に恵みであり続けてくれました。ししろんのおかげで、困難な時にも憂うつにならずにいられました。本当にありがとうございます。そして、このユーザーネームをつけてくれたことにも感謝します。この名前は、このまま一生私とともにあり続けることでしょう。
shiroume_senpai#2039,Shiroume,Philippines,Bodan.png,,,"Hey Botan! This is your first anniversary and its a special time for you and the rest of the 5th Gen, you all work so hard and we love you for that, also thank you for getting me into hololive. You are the first vtuber I ever watched and fell in love with. Thank you for everything! We love you!",やあ、ぼたん！今回は初めてのデビュー記念日で、あなたや5期生の皆さんにとっては特別な時間ですね。私たちは、皆さんが一生懸命に頑張ってくれている姿が大好きです。私をホロライブに夢中にさせてくれてありがとうございます。あなたは私が初めて見た、そして初めて恋に落ちたVTuberです。すべてに感謝です！ We love you!
Tee#9760 / @Teejayymiester,Tee,United-States,1hWeccmAWR5NYGXq6UUt-bzI1C9tx0QeR.png,,,Hi Botan!! Thanks for the memories and moments we’ve had over the past year! What an amazing year! Here’s to another one! 🌿,ハーイ、ぼたん!! ぼたんちゃんと一緒に過ごしてきたこの1年の思い出や時間に感謝です！なんて素晴らしい年だったんだろう！また新しい1年の始まりですね！ 🌿
紅葉#6560/@buta_tukune,紅葉(もみじ・こうよう・クレハ),Japan,1qeAjoHMAmiKqzSOdWfSC65BfI3uBvw49.png,E490DE0C-673F-4968-9E7F-78CFD3FE0FC7 - 紅葉 もみじ・こうよう・クレハ.png,紅葉(もみじ・こうよう・クレハ)/@buta_tukune,1周年おめでとう！！！ししろんに出会って日々が明るく楽しくなったよ！いつも楽しい配信をありがとう！1年で色々あったけど、VARKが1番思い出深かったです。とっくに落ちてたはずの心が深淵に飲み込まれていった…これからも応援していくんでよろしくお願いします！！！！,
neeyr#5072 / @zankinoyaiba,にぇーあ,Japan,1ggk4Neo-sEGpPObXfZDAlp0w4crRqztx.png,,,ららーぽいーん！1周年おめでとう！！！貴女に出会えて良かった、まさに人生の分岐点と思うほどに。まだまだ推し続けていきますので、これからもよろしくお願いします！本当におめでとう！,
Shantorus#5956,Breadman,United-States,Bodan.png,,,Thank you for your hard work Botan!,いつもありがとう、ぼたん！
PhantomZamber#8159,Phantom Zamber,United-Kingdom,1zlFjrAlCEWK8Z50sbbVohxWb3-SFuXhy.png,,,"Happy 1 year anniversary Botan-san. Thank you for all the smiles, the laughs, and the fun times. May happiness and good health follow you always. Here's to another fantastic year. Phantom Zamber",ぼたんさん、1周年おめでとうございます。あなたの笑顔、笑い、楽しい時間、すべてに感謝します。健康と幸せがいつもあなたと共にありますように。次の1年が再び素敵な1年になりますように。 Phantom Zamber
モリソン#8755/@morimori_soom,バレてない方のMorrison【着火済みSSRB・変更不可】,Japan,1S-hOv_ML32AY7B9eE3FTvt3UpouwZApU.jpg,,,デビュー１周年おめでとうございます！FPSガチ勢の経験からくるゲームへの適応力の高さ、学力テストや宇宙人狼で魅せる賢さ、歌配信での尊さや可愛さ、たった１年で多くの思い出をししろんに頂きました。これからもずっと応援し続けます。これからもさすしし!なところを魅せてください。,
Corrupted Sanity (Vex)#5937,BlackfireHedgehog,Canada,1FFWqX_Cpu0vXZYeXzpddmZLTw-3p-Mgr.png,,,"I don't understand Japanese, but I still find your streams of games like Trials Rising are a great way to relax and have a laugh. You're clever and understand the games, and use that to make crazy and amusing things happen. I also really enjoy your cover of Will - Listening to it makes me feel calm.",私は日本語がわかりません。それでもトライアルズライジングなどのゲーム配信では、リラックスできたり笑わせてもらえたりします。ぼたんちゃんは頭が良く、ゲームのことをきちんと理解することで、いつも面白くてクレイジーなことを巻き起こしてくれますね。「Will」のカバーもとてもエンジョイさせてもらっています。聴いていると落ち着いた気分になれます。
vtange#0647,vtange,United-States,Bodan.png,,,ぼたんちゃん一周年おめでとうございます！いつもの配信お疲れ様です。ショッピングカートのゲームとTABSの配信はめっちゃ楽しかったぞ！あなたの笑い声を聞くと自分も笑っちゃうｗ。🛒 これからもよろしくね！,
重力ペンギン#9906/重力ペンギン＠jimmyh5397,重力ペンギン,Taiwan,1DpAJVdVlLVxowR-4D2Ot68kdX09rU4aj.png,,,どんなゲームでも全力で楽しめるししろんが大好きです！推せる限り一生懸命ついていきますので、これからもよろしくお願いいたします。,
Pericuinkle#5473 / @little_roseus,Pericuinkle,Taiwan,1V_l_mdZpkDeKZmHS7DL7-scWLpZaoz1G.png,(1) - Pericuinkle.png,,Happy 1st anniversary to our gentle and cute white lion!! Wish you everlasting joy and happiness.,1周年記念のお祝いを、みんなの優しくてかわいいホワイトライオンに贈ります！いつまでも変わらない喜びと幸福がありますようお祈りしています。
Naki#4065,Naki,Vietnam,Bodan.png,,,"Hello Shishiron! Congratulations on your 1st year anniversary! It's been 1 year already and i can still remember when i first watch your debut, it's been great to be a part of the SSRB and watch your amazing stream. Let's continue to do our best this year!",ハロー、ししろん！1周年おめでとう！もうかれこれ1年が経ちましたが、ししろんのデビュー配信を初めて見たときのことを今でも覚えています。SSRBの一員でいられること、そしてししろんの素敵な配信を見られることをとても嬉しく思います。これからの1年、また一緒に頑張っていきましょう！
@HeyKDHR,Ly,Philippines,1E0O1Fk0SuNTovI2ZyNNUKn_twpbFkCIV.png,,,"Botan-chan! Congratulations on your 1st anniversary! Even though Botan looks cool, Botan's giggles are so cute. Its really fun to watch your stream, shopping cart saikou! Keep having fun with the streams, SSRB are always here to support you. Stay safe, healthy and keep POI-ing Botan!",ぼたんちゃん！1周年おめでとう！ぼたんちゃんはクールに見えるけど、クスッとした笑いがとてもかわいいです。ぼたんちゃんの配信はとても楽しいです。ショッピングカート、サイコー！これからも配信楽しんで続けてください。SSRBはいつもそばで応援していますよ。何事もなく無事で健康にPOIし続けてください、ぼたん！
てんりゅうコンビ二,てんりゅうコンビ二,Japan,1FDFAiy7OyzHiuO6TcTYtyM0RXN8l7kVL.png,,,デビュー1周年おめでとうございます！ししろんやねぽらぼ、ホロライブの行く末に幸多からんことを願っています！,
ToxicKiller265#1101,ToxicKiller265,United-States,Bodan.png,,,Happy 1 year anniversary! Botan I think you're so cool and funny. When you stream its a nice and chill vibe. I hope for more years of fun with you.,1周年おめでとう！ぼたんちゃんはとてもクールで面白い人だと思いますし、ぼたんちゃんの配信は落ち着いていて心地良いですね。これから先も何年も一緒に楽しんでいけたらと思います。
Diskord Name (Нокт#4997)/Twitter Name (@ノクト・ノクト「Nokt」),ノクト・ノクト「Nokt」,Russia,Bodan.png,nto821gxd7v61 - ノクト・ノクト「Nokt」.png,,"Шиширо Ботан поздравляю тебя с праздником. От всей души хочу пожелать тебе всего самого наилучшего. Спасибо тебе большое за то, что радуешь нас своими стримами и хорошим настроением. Твой SSRB.",獅白ぼたんさん、1周年おめでとうございます。心の底からぼたんさんの幸運を祈っています。みんなを幸せにしてくれる元気な配信に感謝です。あなたのSSRBより。
🧹Broom🧹#2052,Broom,Portugal,19A02m7V8vAhdkUppwHAK7AKWk3GvHvRl.png,,,Happy Debutversary to Gen 5's Papa Lion!!! I wanted you to know that you're amazing and wish you a happy career with lots of more moments not only as Gen5 but with your kouhais and senpais as well!!!,デビュバーサリーおめでとう、5期生のパパライオン!!! ぼたんちゃんはとても素晴らしい人だということをお伝えしたいです。そして、5期生だけでなく先輩や後輩のみなさんと素敵な時間をたくさん作って、ハッピーなキャリアを過ごしてくださいね!!!
Badingading#8424,Badingading,United-States,Bodan.png,,,Congratulations on your one-year anniversary!,1周年記念おめでとうございます！
ONC,ONC,,Bodan.png,,,ららーいおん～！ししろん、1周年おめでとう！これからも応援してるぜ～！！,
kurapan#8997,,Japan,Bodan.png,,,ししろん、一周年おめでとうございます！いつも楽しい配信をありがとうございます！これからも応援しています！,
Jobi da yo#1726/@【SSRBon】Jobi,Jobi,Philippines,Bodan.png,IMG_20210710_200642 - SSRBon Jobi.png,,"Happy 1 year anniversary Shishiron woooo! Thank you for always working hard and making us happy. I hope you continue to be as strong, lovely and cheerful as you are now. I will always support you forever! ししろん、いつもいつも大好き！",1周年おめでとう、ししろん、ウゥーーーー！いつも一生懸命努力してみんなをハッピーにしてくれてありがとう。これからも今までと同じように強くラブリーで陽気なあなたのままでいられることを願います。いつもいつまでもあなたを応援し続けます。「ししろん、いつもいつも大好き！」
露露Ingrid#2907 / 宮村露露(@ingridpiggy),露露Ingrid,Taiwan,FYchFYZu8tuMAswsGAMtKC0TEjgyf.jpg,,,ししろん真的是一位很溫柔又善良的人，我最近這麼強烈的覺得！看您的直播總是能獲得許多的安心感，也在SC環節或雜談時得到許多有用的人生觀，當然也很喜歡日常閒聊的！在回覆您的Twitter或是寫直播心得時，心得或留言因為日文還不夠好所以內容大致相同速度又很慢，希望不會讓您覺得很奇怪...。我真的看得很開心！謝謝您成為ししろん，能夠這麼大的世界中遇到您真的非常感謝！現在離100萬訂閱也不遠了，我真的很興奮也很期待，但希望ししろん不要為此感到壓力，能夠一如往常一直快樂的直播、玩遊戲、跟大家聊天就好了！ししろん一周年本当におめでとうございます！！！！！いつもありがとうございます！！！！！,ししろんは本当に温かくて優しい人と、最近そう強く思っています！ししろんの配信を見る度に安心感が得られて、SCや雑談をする時もたくさん有益な人生観をもらえました。もちろん、普通の話題をするのも大好きです！日本語はまだまだ上達していないため、Twitterの返事をする時や配信感想を書く時に時間が掛かってしまい、内容もほぼ同じになっています。変だと思われていなかったら幸いです...本当にいつも楽しんで見ています！ししろんになってくれて、この広い世界で出会うことが出来て本当にありがとうございます！登録者百万人達成も迫っていて、私は本当にわくわくしています！でもどうかプレッシャーを感じないでください、いつも通りに楽しく配信をして、ゲームを遊んで、みんなと喋ってるのが一番です！一周年本当におめでとうございます！！！！！いつもありがとうございます！！！！！
@NoroikoArt,Noroiko,Australia,Bodan.png,,,デビュー一周年、おめでとうございます！私がFPSが下手くそだから、FPS配信もあまり興味なかったと思って、SSRB民になるのがまさかのことでした。ししろんは第一印象がとてもクールなイメージに見えたが、その上にとても優しく思慮深く明るいライオンだとも気付いてきました。悩みがあっても、ししろんの配信を見ると大抵すぐ気晴らしになります。見れば見るほどとても気に入りました。かわいいSSRB民の一員になれて、よかったと思います。ずっと頑張っていて、楽しい配信や企画してくれてありがとうございます。これからも応援していきます！,
Vanilla Thunder#1011,Vanilla Thunder,United-States,1uldJI6NOxlQ61O0zGpiuyTvbLBZAxyIK.png,,,ししろん、デビュー1周年おめでとう！いつもししろんが色んなゲームを挑戦している配信を楽しく見ています！おかげでたくさんの面白いゲームと出会えてました。楽しい時間、本当にありがとうございました！これからも応援しています！,
MimekaMime,MimekaMime,Spain,Bodan.png,,,"Shishiron~! Thanks for everything you have done this long time in hololive! Every stream is enjoyable and I appreciate the way everyone in SSRB is connected to you ( ´･ω･)♡ Im really happy for being part of this community, keep working hard! ☆",ししろん〜！ここまでホロライブでししろんがやってくれたすべてのことに感謝します！すべての配信が楽しいですし、SSRBのみんなとししろんとの一体感がとてもいいですね ( ´･ω･)♡ このコミュニティの一員になれて本当にハッピーです。これからも頑張ってください！ ☆
Mishima#2424 / @xx_mishima,Mishima,Hungary,1guUQGTCCyTTDDVurX1ZQSiHP-sCvdaJU.png,,,Shishiroooon! Thank you so much cheering up my days! I’m looking forward for a lot of similar year like this!,ししろーーーーん！ 毎日元気づけてくれてありがとう！これからもこの1年と同じように素晴らしい年になりますように。楽しみにしています！
Meawch#6104,Meawch,France,Bodan.png,,,"Thanks for entertain us with your skill and your cuteness, I'm a happy french SSRB",ぼたんちゃんのかわいさと腕前でみんなを楽しませてくれてありがとうございます。私はハッピーなフランス人SSRBです。
Noxa#1391/@noxa_4,Noxa,United-States,1gCmHXUz4j0j6U3y41fpnPfSSERlCsf92.jpg,,,"Congratulations on your debut anniversary, Botan! I'm glad to have met someone who is both cool and cute while having fun to whatever she plays or talks about on stream. Thank you for everything you have done for us. I will continue to support you as much as I can.",デビュー記念日おめでとう、ぼたんちゃん！配信で楽しそうにゲームをしたりお話ししたり、クールでかわいいぼたんちゃんのような人に出会えてよかったです。ぼたんちゃんがみんなにしてくれたすべてのことに感謝です。これからも可能な限りぼたんちゃんのことを応援し続けます。
@nnimaff,NimaF,Indonesia,1rT6x4zgkSU9a9mXoWh7LOkQ9E8obr2Bp.png,,,"La Lion~ thank you for always bring smile to me, and i will keep supporting you. Love you Shishiron",ららーいおん〜。いつも笑顔にしてくれてありがとうございます！いつまでも応援します。ししろん大好き。
Damonite#2712 / @DamonitePk,Damonite,Singapore,Bodan.png,RenderFinalSubmission - Damonite P.png,,"Happy Anniversary Botan!!! You are my favourite Vtuber (other than Suisei) and you're amazing at providing both entertainment and great gameplay. You also really helped me back up when I was feeling really low, thank you.",デビュー記念日おめでとう、ぼたんちゃん!!! ぼたんちゃんは一番のお気に入りのVTuberです(すいせいさんも)。エンターテインメント性とゲームの腕前の両方で魅せるてくれるのはすごいです。自分が落ち込んでいた時にも、ぼたんちゃんは心の支えになってくれました。ありがとう。
ChaoticSoda#9775,ChaoticSoda,Brazil,1WkbzW4lVHbUVbISsXmgMZTK0ML6RDZ4g.png,,,"She's so cool! was the first thing I thought when I found out about you. Now, months after your debut, I grew ever more fond of you Botan-chan, not only being able to see your cool side, but also your amazingly cute side. I can't wait to see what you'll do next! Happy 1st anniversary!",「彼女はなんてクールなんだ！」というのが初めてあなたのことを知った時の感想でした。デビューしてからしばらく時間が経ちましたが、ぼたんちゃんのことがどんどん好きになってきています。クールなだけでなく、びっくりするほどかわいい一面があるところも好きです。これからまたどんなことをしていってくれるのか、見るのが楽しみで待ちきれません！1周年おめでとう！
michei#3737/@michei_21,Michei[SSRB雪民],El-Salvador,1-gjpI_3Ku5RLXcAiQVe_xngrea2XDrvt.png,,,"Congratulations on your debut anniversary Botan! Watching your streams is always really fun, interesting and full of experiences. You bring happiness to my days! I love you, and I hope the love from all your fans reaches you through these messages. Thanks for you hardwork! I'll keep supporting you!!",ぼたんちゃん、デビュー記念日おめでとうございます！ぼたんちゃんの配信はいつも楽しく、興味深くていろいろな体験に満ちあふれています。毎日を幸せにしてくれています。大好きです、ファンのみんなの愛がメッセージを通してぼたんちゃんにに届いてくれたらと思います。いつもがんばってくれてありがとう！これからもサポートし続けます！！
Corneus/コロネウス#5558,Corneus/コロネウス,Indonesia,Corneus.png,,,Congratulations for 1 year anniversary! It's a lot of fun to watch Botan doing a lot of things from FPS to singing! let's keep doing our best for next year!,一周年おめでとうございます！ぼたんちゃんがFPSをやったり歌ったりするのを見るのが楽しいです！次の一年も頑張りましょう！
tacticaldragon#5472,Tacticaldragon57,Malaysia,1e4jFd0-Do5NiFH7vzofN6E6RuhlbIeQ7.png,,,Congrats on your 1st anniversary Botan! We SSRB will always support our cool and cute lion queen to the very end! I love you!,ぼたんちゃん、1周年おめでとうございます！我々SSRBは、クールで可愛らしい我がライオンクイーンを最後まで応援し続けます！I love you!
,Poppysicle,,Bodan.png,Botan_Profile.png,,"Botan, I'm glad you've been able to stream, grow, and accomplish so much over this last year. Your ability to always improve yourself and be the best you can be is really admirable and it pushes me to try my hardest and improve as well! You really inspire me and have brighten my days up with every stream. I'm glad to be a bodan, and glad I found you! So let's both keep striving to be the best we can be. Here's to 1 year and to many more! POI~!",
,Turtle,Taiwan,CJW.png,592-_TURTLEBotan.png,,,
